timestamp,open,high,low,close,volume
1777623360000,9.172,9.186,9.152,9.152,2600.61
1777623420000,9.151,9.174,9.136,9.164,6186.5
1777623480000,9.164,9.166,9.154,9.163,849.1
1777623540000,9.162,9.164,9.151,9.152,2605.59
1777623600000,9.155,9.176,9.151,9.166,863.34
1777623660000,9.165,9.177,9.16,9.167,1442.22
1777623720000,9.165,9.167,9.156,9.16,1110.91
1777623780000,9.16,9.168,9.138,9.138,2530.04
1777623840000,9.138,9.139,9.119,9.122,1447.27
1777623900000,9.123,9.127,9.114,9.123,659.8
1777623960000,9.121,9.121,9.088,9.112,3515.69
1777624020000,9.109,9.125,9.097,9.121,2401.66
1777624080000,9.12,9.162,9.117,9.158,1848.46
1777624140000,9.159,9.164,9.153,9.157,675.76
1777624200000,9.156,9.158,9.144,9.153,862.49
1777624260000,9.153,9.164,9.149,9.159,1226.15
1777624320000,9.159,9.164,9.147,9.151,860.73
1777624380000,9.152,9.157,9.143,9.153,3232.94
1777624440000,9.149,9.162,9.149,9.162,670.6
1777624500000,9.158,9.174,9.156,9.169,2054.71
1777624560000,9.167,9.173,9.161,9.169,1369.13
1777624620000,9.166,9.183,9.164,9.177,2446.87
1777624680000,9.175,9.188,9.164,9.166,3790.06
1777624740000,9.166,9.19,9.165,9.187,3678.96
1777624800000,9.188,9.195,9.176,9.191,3760.9
1777624860000,9.189,9.199,9.18,9.198,6511.95
1777624920000,9.194,9.199,9.18,9.185,1112.39
1777624980000,9.185,9.188,9.171,9.181,938.15
1777625040000,9.181,9.193,9.176,9.193,2849.69
1777625100000,9.193,9.193,9.178,9.184,836.16
1777625160000,9.184,9.185,9.173,9.176,1325.65
1777625220000,9.176,9.197,9.175,9.191,2792.31
1777625280000,9.19,9.2,9.188,9.196,3026.9
1777625340000,9.196,9.2,9.179,9.189,5739.46
1777625400000,9.189,9.191,9.185,9.19,772.04
1777625460000,9.19,9.2,9.189,9.2,1114.23
1777625520000,9.199,9.199,9.187,9.192,830.02
1777625580000,9.191,9.193,9.176,9.182,1069.89
1777625640000,9.181,9.181,9.135,9.144,2367.61
1777625700000,9.143,9.145,9.132,9.138,1433.72
1777625760000,9.138,9.144,9.132,9.141,676.29
1777625820000,9.141,9.163,9.14,9.158,1187.02
1777625880000,9.159,9.175,9.158,9.164,565.93
1777625940000,9.163,9.177,9.143,9.153,3232.77
1777626000000,9.153,9.16,9.152,9.16,399.11
1777626060000,9.16,9.16,9.141,9.144,772.53
1777626120000,9.141,9.158,9.12,9.158,5036.1
1777626180000,9.157,9.186,9.151,9.173,3071.75
1777626240000,9.173,9.18,9.159,9.178,1781.01
1777626300000,9.177,9.177,9.149,9.15,860.67
1777626360000,9.149,9.187,9.144,9.174,2785.21
1777626420000,9.174,9.19,9.164,9.181,1997.25
1777626480000,9.181,9.195,9.18,9.195,1067.85
1777626540000,9.194,9.198,9.163,9.163,3805.78
1777626600000,9.163,9.169,9.149,9.168,2241.92
1777626660000,9.166,9.168,9.154,9.158,935.67
1777626720000,9.157,9.157,9.129,9.129,1912.33
1777626780000,9.131,9.134,9.062,9.114,17383.54
1777626840000,9.114,9.134,9.113,9.115,3278.05
1777626900000,9.116,9.121,9.08,9.085,4406.1
1777626960000,9.083,9.096,9.073,9.09,3563.34
1777627020000,9.091,9.121,9.081,9.095,5416.97
1777627080000,9.095,9.109,9.09,9.103,1843.65
1777627140000,9.104,9.122,9.101,9.121,791.93
1777627200000,9.122,9.123,9.11,9.116,696.4
1777627260000,9.116,9.119,9.094,9.098,2351.81
1777627320000,9.098,9.106,9.094,9.099,2821.47
1777627380000,9.099,9.115,9.098,9.102,2618.34
1777627440000,9.103,9.118,9.102,9.114,583.42
1777627500000,9.116,9.129,9.116,9.127,1230.77
1777627560000,9.126,9.138,9.121,9.129,1608.33
1777627620000,9.129,9.138,9.123,9.126,941.94
1777627680000,9.126,9.138,9.126,9.138,567.84
1777627740000,9.136,9.138,9.126,9.132,1438.83
1777627800000,9.132,9.139,9.124,9.138,1172.61
1777627860000,9.139,9.143,9.133,9.141,1119.44
1777627920000,9.139,9.146,9.123,9.127,1217.79
1777627980000,9.127,9.132,9.122,9.127,516.17
1777628040000,9.128,9.15,9.124,9.15,1754.72
1777628100000,9.149,9.149,9.135,9.143,787.11
1777628160000,9.142,9.142,9.13,9.141,505.36
1777628220000,9.141,9.15,9.14,9.149,958.99
1777628280000,9.149,9.153,9.132,9.137,1945.67
1777628340000,9.138,9.144,9.135,9.143,856.46
1777628400000,9.143,9.143,9.122,9.127,1942.28
1777628460000,9.127,9.129,9.083,9.085,3279.91
1777628520000,9.085,9.087,9.073,9.076,3243.34
1777628580000,9.077,9.082,9.042,9.052,10843.83
1777628640000,9.052,9.064,9.052,9.062,1734.15
1777628700000,9.063,9.07,9.056,9.061,1136.24
1777628760000,9.061,9.064,9.057,9.06,353.24
1777628820000,9.06,9.065,9.046,9.051,1285.33
1777628880000,9.051,9.065,9.051,9.061,986.0
1777628940000,9.06,9.06,9.041,9.048,1497.17
1777629000000,9.048,9.052,9.038,9.043,1031.42
1777629060000,9.043,9.056,9.033,9.045,3250.02
1777629120000,9.046,9.049,9.032,9.035,1271.39
1777629180000,9.034,9.04,9.026,9.038,1919.83
1777629240000,9.039,9.042,9.034,9.034,491.43
1777629300000,9.034,9.069,9.034,9.069,1572.59
1777629360000,9.068,9.073,9.063,9.073,1028.02
1777629420000,9.073,9.075,9.066,9.072,1528.43
1777629480000,9.072,9.083,9.071,9.078,2190.96
1777629540000,9.078,9.084,9.06,9.065,7159.24
1777629600000,9.064,9.075,9.061,9.075,710.31
1777629660000,9.075,9.08,9.058,9.062,1332.37
1777629720000,9.062,9.065,9.047,9.052,1896.13
1777629780000,9.05,9.077,9.05,9.077,1269.96
1777629840000,9.077,9.082,9.071,9.078,1360.64
1777629900000,9.079,9.085,9.072,9.072,554.07
1777629960000,9.072,9.077,9.062,9.064,585.59
1777630020000,9.063,9.075,9.063,9.065,409.4
1777630080000,9.064,9.065,9.058,9.061,267.62
1777630140000,9.061,9.061,9.043,9.051,911.86
1777630200000,9.05,9.05,9.03,9.031,1006.7
1777630260000,9.031,9.047,9.031,9.047,748.91
1777630320000,9.047,9.05,9.043,9.05,281.58
1777630380000,9.049,9.064,9.044,9.059,616.91
1777630440000,9.06,9.061,9.051,9.053,444.79
1777630500000,9.054,9.065,9.053,9.065,1080.89
1777630560000,9.063,9.093,9.062,9.073,1949.86
1777630620000,9.075,9.112,9.075,9.105,1868.91
1777630680000,9.104,9.117,9.102,9.107,1861.45
1777630740000,9.107,9.113,9.102,9.113,1412.27
1777630800000,9.114,9.117,9.109,9.115,955.43
1777630860000,9.115,9.118,9.111,9.113,385.23
1777630920000,9.113,9.115,9.103,9.114,2026.7
1777630980000,9.114,9.132,9.114,9.129,871.85
1777631040000,9.127,9.132,9.121,9.125,823.06
1777631100000,9.126,9.131,9.118,9.13,1389.21
1777631160000,9.13,9.13,9.096,9.121,3314.72
1777631220000,9.121,9.132,9.119,9.12,654.29
1777631280000,9.121,9.127,9.114,9.121,1593.16
1777631340000,9.118,9.125,9.113,9.119,658.31
1777631400000,9.118,9.124,9.117,9.123,413.29
1777631460000,9.122,9.129,9.122,9.128,526.94
1777631520000,9.129,9.133,9.126,9.131,672.81
1777631580000,9.13,9.132,9.116,9.118,2426.72
1777631640000,9.116,9.128,9.116,9.128,295.68
1777631700000,9.129,9.136,9.119,9.119,324.69
1777631760000,9.121,9.134,9.121,9.134,1074.81
1777631820000,9.135,9.136,9.12,9.12,1092.52
1777631880000,9.123,9.123,9.109,9.121,1105.74
1777631940000,9.121,9.121,9.114,9.118,235.7
1777632000000,9.117,9.132,9.115,9.126,503.63
1777632060000,9.127,9.129,9.12,9.127,441.81
1777632120000,9.126,9.126,9.117,9.121,618.61
1777632180000,9.12,9.122,9.112,9.12,694.51
1777632240000,9.118,9.121,9.117,9.119,149.84
1777632300000,9.119,9.144,9.11,9.135,1846.52
1777632360000,9.134,9.14,9.132,9.137,717.31
1777632420000,9.137,9.146,9.129,9.139,1460.65
1777632480000,9.138,9.147,9.13,9.147,642.65
1777632540000,9.146,9.15,9.136,9.145,1710.39
1777632600000,9.142,9.17,9.142,9.156,3278.08
1777632660000,9.159,9.186,9.158,9.185,5358.1
1777632720000,9.184,9.206,9.182,9.196,6803.43
1777632780000,9.196,9.208,9.182,9.185,2723.35
1777632840000,9.185,9.19,9.181,9.185,406.28
1777632900000,9.185,9.196,9.178,9.185,2480.03
1777632960000,9.186,9.2,9.185,9.195,935.7
1777633020000,9.195,9.2,9.168,9.169,1657.83
1777633080000,9.168,9.176,9.164,9.175,1468.91
1777633140000,9.174,9.179,9.162,9.162,1491.58
1777633200000,9.163,9.195,9.158,9.179,1947.53
1777633260000,9.179,9.187,9.172,9.187,1291.86
1777633320000,9.187,9.188,9.161,9.169,590.39
1777633380000,9.168,9.182,9.167,9.18,782.75
1777633440000,9.179,9.183,9.168,9.171,1592.04
1777633500000,9.17,9.182,9.166,9.182,1238.23
1777633560000,9.182,9.199,9.182,9.187,1500.66
1777633620000,9.187,9.187,9.177,9.181,822.9
1777633680000,9.18,9.18,9.154,9.166,1364.29
1777633740000,9.166,9.178,9.157,9.174,694.64
1777633800000,9.174,9.176,9.165,9.17,883.86
1777633860000,9.17,9.176,9.158,9.163,1390.07
1777633920000,9.161,9.175,9.16,9.166,561.28
1777633980000,9.166,9.176,9.159,9.159,494.52
1777634040000,9.16,9.169,9.158,9.165,322.49
1777634100000,9.165,9.165,9.147,9.149,760.69
1777634160000,9.149,9.194,9.149,9.194,2233.96
1777634220000,9.194,9.209,9.193,9.204,1304.56
1777634280000,9.204,9.204,9.186,9.189,524.13
1777634340000,9.188,9.192,9.179,9.181,1767.93
1777634400000,9.18,9.18,9.16,9.164,2892.96
1777634460000,9.164,9.186,9.156,9.167,1464.29
1777634520000,9.166,9.169,9.161,9.161,364.06
1777634580000,9.161,9.18,9.158,9.176,1490.13
1777634640000,9.177,9.194,9.177,9.194,480.93
1777634700000,9.195,9.206,9.19,9.195,2262.79
1777634760000,9.194,9.196,9.178,9.185,548.67
1777634820000,9.183,9.188,9.18,9.18,249.14
1777634880000,9.18,9.183,9.177,9.178,278.56
1777634940000,9.177,9.178,9.163,9.173,722.48
1777635000000,9.172,9.196,9.172,9.182,796.44
1777635060000,9.182,9.183,9.032,9.041,56944.86
1777635120000,9.041,9.056,9.004,9.034,19747.52
1777635180000,9.035,9.081,9.026,9.078,8662.47
1777635240000,9.077,9.08,9.066,9.076,1560.7
1777635300000,9.076,9.08,9.068,9.077,1306.53
1777635360000,9.076,9.076,9.064,9.072,1183.83
1777635420000,9.072,9.074,9.052,9.063,3150.65
1777635480000,9.063,9.067,9.044,9.046,1789.29
1777635540000,9.047,9.058,9.024,9.026,4608.13
1777635600000,9.027,9.036,9.021,9.034,3298.95
1777635660000,9.036,9.043,9.024,9.039,1532.95
1777635720000,9.039,9.039,9.032,9.035,807.87
1777635780000,9.034,9.058,9.034,9.055,2088.71
1777635840000,9.054,9.068,9.04,9.046,1507.75
1777635900000,9.046,9.057,9.034,9.035,2080.24
1777635960000,9.035,9.042,9.033,9.041,2039.94
1777636020000,9.041,9.042,9.019,9.032,3554.7
1777636080000,9.034,9.042,9.026,9.037,1222.86
1777636140000,9.036,9.045,9.028,9.041,1679.72
1777636200000,9.041,9.062,9.041,9.055,4249.82
1777636260000,9.056,9.066,9.047,9.054,2831.87
1777636320000,9.054,9.057,9.041,9.046,1411.31
1777636380000,9.044,9.055,9.043,9.052,1059.66
1777636440000,9.051,9.055,9.05,9.054,326.07
1777636500000,9.054,9.06,9.047,9.048,642.52
1777636560000,9.048,9.053,9.046,9.05,535.81
1777636620000,9.052,9.058,9.048,9.055,1084.58
1777636680000,9.055,9.067,9.055,9.063,868.72
1777636740000,9.063,9.076,9.063,9.076,1613.32
1777636800000,9.074,9.084,9.074,9.079,3568.0
1777636860000,9.078,9.088,9.077,9.088,1534.16
1777636920000,9.088,9.095,9.082,9.083,3542.52
1777636980000,9.084,9.091,9.084,9.086,927.62
1777637040000,9.085,9.085,9.074,9.075,483.35
1777637100000,9.074,9.116,9.074,9.097,6700.44
1777637160000,9.097,9.108,9.095,9.098,1007.86
1777637220000,9.098,9.106,9.093,9.095,1026.71
1777637280000,9.096,9.102,9.095,9.097,358.16
1777637340000,9.097,9.106,9.089,9.094,3651.46
1777637400000,9.095,9.109,9.093,9.103,941.27
1777637460000,9.103,9.104,9.09,9.1,655.95
1777637520000,9.099,9.118,9.095,9.107,1518.32
1777637580000,9.107,9.111,9.1,9.1,715.64
1777637640000,9.1,9.122,9.099,9.103,620.37
1777637700000,9.103,9.103,9.095,9.098,1469.91
1777637760000,9.098,9.12,9.098,9.116,2156.77
1777637820000,9.118,9.14,9.118,9.132,2892.62
1777637880000,9.131,9.141,9.127,9.127,2100.58
1777637940000,9.13,9.136,9.123,9.133,1184.95
1777638000000,9.134,9.15,9.13,9.132,3472.37
1777638060000,9.132,9.139,9.129,9.133,1559.41
1777638120000,9.132,9.139,9.122,9.132,1778.32
1777638180000,9.132,9.144,9.129,9.14,1788.76
1777638240000,9.14,9.14,9.129,9.129,890.88
1777638300000,9.128,9.135,9.113,9.115,2041.28
1777638360000,9.115,9.121,9.114,9.121,409.55
1777638420000,9.12,9.125,9.117,9.121,562.54
1777638480000,9.121,9.127,9.117,9.122,1369.34
1777638540000,9.122,9.137,9.117,9.136,2281.98
1777638600000,9.136,9.14,9.129,9.133,858.87
1777638660000,9.133,9.143,9.13,9.14,571.24
1777638720000,9.139,9.139,9.124,9.126,1953.33
1777638780000,9.126,9.133,9.124,9.129,489.58
1777638840000,9.133,9.149,9.117,9.125,2092.36
1777638900000,9.125,9.134,9.116,9.116,1216.76
1777638960000,9.116,9.13,9.112,9.128,894.02
1777639020000,9.127,9.134,9.125,9.132,888.24
1777639080000,9.132,9.134,9.125,9.13,1994.83
1777639140000,9.129,9.139,9.127,9.137,833.59
1777639200000,9.136,9.145,9.131,9.14,1281.05
1777639260000,9.138,9.14,9.12,9.127,2288.81
1777639320000,9.127,9.131,9.12,9.12,530.45
1777639380000,9.12,9.127,9.116,9.12,1139.49
1777639440000,9.12,9.123,9.117,9.12,332.99
1777639500000,9.123,9.123,9.11,9.121,921.21
1777639560000,9.12,9.13,9.116,9.123,1513.3
1777639620000,9.122,9.125,9.113,9.116,1176.71
1777639680000,9.119,9.122,9.117,9.119,301.06
1777639740000,9.119,9.12,9.103,9.104,2639.75
1777639800000,9.103,9.103,9.086,9.095,2600.9
1777639860000,9.095,9.104,9.092,9.098,1206.2
1777639920000,9.098,9.106,9.088,9.105,1977.62
1777639980000,9.104,9.106,9.1,9.104,309.95
1777640040000,9.106,9.11,9.099,9.101,1251.27
1777640100000,9.101,9.108,9.101,9.103,366.46
1777640160000,9.104,9.104,9.09,9.099,687.82
1777640220000,9.098,9.107,9.098,9.107,447.75
1777640280000,9.107,9.108,9.088,9.089,1443.7
1777640340000,9.09,9.091,9.062,9.07,6668.4
1777640400000,9.071,9.093,9.071,9.087,1220.36
1777640460000,9.087,9.091,9.079,9.09,494.68
1777640520000,9.088,9.095,9.08,9.089,1481.73
1777640580000,9.088,9.099,9.088,9.089,967.76
1777640640000,9.09,9.096,9.084,9.095,337.9
1777640700000,9.094,9.11,9.09,9.11,761.86
1777640760000,9.106,9.125,9.105,9.12,988.29
1777640820000,9.12,9.129,9.116,9.127,1381.85
1777640880000,9.128,9.144,9.127,9.129,2655.96
1777640940000,9.128,9.128,9.113,9.117,1812.57
1777641000000,9.117,9.13,9.113,9.125,1718.87
1777641060000,9.124,9.132,9.113,9.132,994.3
1777641120000,9.132,9.137,9.122,9.122,668.93
1777641180000,9.121,9.131,9.11,9.129,2073.51
1777641240000,9.131,9.133,9.125,9.13,966.74
1777641300000,9.13,9.133,9.125,9.128,1106.58
1777641360000,9.127,9.136,9.126,9.136,1060.29
1777641420000,9.136,9.136,9.115,9.118,2268.34
1777641480000,9.117,9.126,9.107,9.107,933.28
1777641540000,9.108,9.113,9.102,9.113,518.66
1777641600000,9.113,9.113,9.101,9.11,764.91
1777641660000,9.109,9.114,9.106,9.111,568.56
1777641720000,9.111,9.113,9.107,9.109,560.69
1777641780000,9.109,9.113,9.101,9.102,727.03
1777641840000,9.103,9.103,9.066,9.094,6070.46
1777641900000,9.091,9.1,9.088,9.088,914.24
1777641960000,9.088,9.094,9.085,9.091,1535.67
1777642020000,9.091,9.094,9.086,9.088,498.98
1777642080000,9.088,9.09,9.087,9.088,489.89
1777642140000,9.087,9.099,9.084,9.099,831.11
1777642200000,9.098,9.099,9.08,9.089,784.01
1777642260000,9.088,9.106,9.084,9.105,906.03
1777642320000,9.105,9.112,9.102,9.109,1068.82
1777642380000,9.109,9.125,9.107,9.125,1250.72
1777642440000,9.122,9.129,9.108,9.118,585.42
1777642500000,9.119,9.124,9.111,9.115,966.14
1777642560000,9.114,9.115,9.087,9.099,1842.47
1777642620000,9.098,9.11,9.097,9.105,1234.54
1777642680000,9.105,9.105,9.083,9.088,1118.9
1777642740000,9.087,9.087,9.054,9.061,1392.75
1777642800000,9.062,9.077,9.055,9.057,2013.81
1777642860000,9.057,9.068,9.053,9.062,1334.67
1777642920000,9.062,9.078,9.059,9.068,2216.81
1777642980000,9.068,9.072,9.062,9.066,1275.18
1777643040000,9.065,9.096,9.063,9.096,1903.75
1777643100000,9.094,9.094,9.075,9.085,1059.55
1777643160000,9.085,9.099,9.082,9.093,908.33
1777643220000,9.091,9.138,9.082,9.122,5897.05
1777643280000,9.122,9.122,9.111,9.112,608.93
1777643340000,9.112,9.112,9.103,9.103,571.57
1777643400000,9.103,9.109,9.088,9.102,1447.18
1777643460000,9.102,9.103,9.089,9.1,2388.58
1777643520000,9.1,9.104,9.094,9.095,463.22
1777643580000,9.095,9.113,9.089,9.104,3389.39
1777643640000,9.106,9.111,9.097,9.097,1769.74
1777643700000,9.098,9.11,9.089,9.096,1873.78
1777643760000,9.097,9.097,9.081,9.089,1635.74
1777643820000,9.089,9.089,9.076,9.081,1435.79
1777643880000,9.081,9.081,9.07,9.072,3238.52
1777643940000,9.072,9.078,9.069,9.078,1791.31
1777644000000,9.077,9.089,9.066,9.082,1892.28
1777644060000,9.082,9.09,9.073,9.081,1885.9
1777644120000,9.078,9.078,9.056,9.064,2475.42
1777644180000,9.065,9.074,9.06,9.073,1746.17
1777644240000,9.073,9.073,9.056,9.066,1048.6
1777644300000,9.065,9.065,9.013,9.02,6488.97
1777644360000,9.021,9.026,9.008,9.019,2508.6
1777644420000,9.018,9.028,9.013,9.016,1681.44
1777644480000,9.015,9.021,9.012,9.021,1719.28
1777644540000,9.021,9.027,9.02,9.02,732.67
1777644600000,9.02,9.032,9.014,9.014,1939.02
1777644660000,9.013,9.02,9.012,9.014,890.44
1777644720000,9.015,9.019,9.011,9.016,1127.08
1777644780000,9.015,9.027,9.014,9.019,1064.8
1777644840000,9.019,9.019,8.958,8.976,8102.55
1777644900000,8.976,8.979,8.967,8.967,2723.79
1777644960000,8.967,8.973,8.962,8.972,1310.66
1777645020000,8.969,8.986,8.969,8.981,3047.9
1777645080000,8.981,8.982,8.949,8.95,3133.11
1777645140000,8.951,8.971,8.945,8.966,3692.59
1777645200000,8.965,8.989,8.965,8.986,2457.58
1777645260000,8.987,8.998,8.984,8.995,1260.62
1777645320000,8.996,9.002,8.966,8.967,2124.74
1777645380000,8.966,8.978,8.957,8.957,4639.98
1777645440000,8.959,8.966,8.951,8.952,987.47
1777645500000,8.953,8.96,8.947,8.955,1776.55
1777645560000,8.954,8.958,8.924,8.942,3853.48
1777645620000,8.943,8.948,8.939,8.944,2106.28
1777645680000,8.944,8.952,8.931,8.934,2151.07
1777645740000,8.935,8.939,8.924,8.929,2085.33
1777645800000,8.931,8.935,8.906,8.928,4344.34
1777645860000,8.928,8.953,8.928,8.947,1760.79
1777645920000,8.947,8.954,8.928,8.938,2486.51
1777645980000,8.937,8.946,8.931,8.937,793.03
1777646040000,8.936,8.944,8.923,8.944,1927.38
1777646100000,8.945,8.948,8.94,8.943,701.37
1777646160000,8.942,8.942,8.923,8.926,1248.4
1777646220000,8.926,8.93,8.895,8.896,2829.96
1777646280000,8.897,8.936,8.889,8.936,2732.18
1777646340000,8.935,8.973,8.935,8.958,5742.49
1777646400000,8.957,8.997,8.95,8.989,3446.87
1777646460000,8.992,8.994,8.974,8.977,946.75
1777646520000,8.977,8.982,8.968,8.971,549.44
1777646580000,8.969,8.978,8.969,8.978,539.61
1777646640000,8.976,8.977,8.968,8.972,436.13
1777646700000,8.97,8.986,8.956,8.983,2016.11
1777646760000,8.983,9.014,8.982,9.014,2545.29
1777646820000,9.012,9.021,9.011,9.012,1574.58
1777646880000,9.016,9.028,9.008,9.026,2459.73
1777646940000,9.027,9.038,9.023,9.023,827.52
1777647000000,9.023,9.038,9.019,9.036,3144.48
1777647060000,9.037,9.057,9.034,9.05,2712.32
1777647120000,9.05,9.062,9.044,9.05,957.89
1777647180000,9.05,9.06,9.039,9.044,1033.78
1777647240000,9.045,9.045,9.034,9.034,1667.79
1777647300000,9.034,9.042,9.034,9.041,227.29
1777647360000,9.04,9.058,9.039,9.058,934.12
1777647420000,9.058,9.088,9.055,9.066,3036.24
1777647480000,9.066,9.089,9.066,9.077,3452.71
1777647540000,9.078,9.096,9.078,9.092,2884.37
1777647600000,9.09,9.092,9.059,9.066,1659.29
1777647660000,9.065,9.083,9.065,9.069,1072.44
1777647720000,9.069,9.077,9.058,9.077,994.92
1777647780000,9.077,9.091,9.073,9.089,1015.52
1777647840000,9.09,9.09,9.083,9.085,1412.89
1777647900000,9.089,9.089,9.07,9.076,729.5
1777647960000,9.076,9.081,9.065,9.079,1736.41
1777648020000,9.079,9.091,9.076,9.079,1415.16
1777648080000,9.079,9.085,9.067,9.071,1911.32
1777648140000,9.072,9.088,9.066,9.087,1903.69
1777648200000,9.088,9.114,9.088,9.099,3592.04
1777648260000,9.098,9.107,9.086,9.107,2334.69
1777648320000,9.102,9.11,9.098,9.103,1181.96
1777648380000,9.103,9.11,9.097,9.103,731.09
1777648440000,9.103,9.103,9.097,9.1,385.24
1777648500000,9.101,9.106,9.093,9.101,729.17
1777648560000,9.1,9.108,9.094,9.103,889.8
1777648620000,9.103,9.114,9.096,9.11,2336.38
1777648680000,9.11,9.111,9.085,9.085,701.01
1777648740000,9.086,9.086,9.046,9.046,2937.61
1777648800000,9.05,9.064,9.046,9.052,3235.79
1777648860000,9.053,9.07,9.053,9.069,793.93
1777648920000,9.068,9.082,9.052,9.062,3401.24
1777648980000,9.062,9.073,9.061,9.068,603.85
1777649040000,9.068,9.072,9.05,9.061,1364.58
1777649100000,9.061,9.068,9.059,9.063,585.82
1777649160000,9.062,9.081,9.061,9.074,838.22
1777649220000,9.074,9.076,9.065,9.071,820.23
1777649280000,9.07,9.085,9.07,9.084,1175.48
1777649340000,9.082,9.092,9.081,9.092,778.4
1777649400000,9.091,9.092,9.078,9.078,872.68
1777649460000,9.078,9.089,9.077,9.086,506.71
1777649520000,9.087,9.093,9.085,9.09,976.21
1777649580000,9.089,9.094,9.088,9.089,385.82
1777649640000,9.088,9.133,9.085,9.133,4176.18
1777649700000,9.134,9.15,9.107,9.108,2842.41
1777649760000,9.107,9.126,9.106,9.126,3852.36
1777649820000,9.126,9.142,9.125,9.137,1742.24
1777649880000,9.138,9.14,9.129,9.134,582.76
1777649940000,9.13,9.146,9.122,9.138,2220.36
1777650000000,9.139,9.142,9.127,9.138,1489.57
1777650060000,9.137,9.147,9.136,9.142,1625.53
1777650120000,9.14,9.143,9.135,9.137,398.09
1777650180000,9.136,9.136,9.134,9.134,229.76
1777650240000,9.134,9.159,9.131,9.153,4727.94
1777650300000,9.153,9.173,9.149,9.166,2789.38
1777650360000,9.165,9.176,9.162,9.173,2252.46
1777650420000,9.172,9.177,9.161,9.163,1788.1
1777650480000,9.163,9.165,9.155,9.157,657.06
1777650540000,9.157,9.168,9.156,9.165,997.69
1777650600000,9.165,9.166,9.107,9.133,5974.34
1777650660000,9.132,9.132,9.111,9.12,2329.86
1777650720000,9.121,9.121,9.05,9.079,6269.67
1777650780000,9.078,9.083,9.063,9.075,1260.79
1777650840000,9.077,9.08,9.073,9.076,581.51
1777650900000,9.075,9.08,9.071,9.08,444.11
1777650960000,9.08,9.085,9.073,9.083,903.93
1777651020000,9.085,9.095,9.081,9.082,561.89
1777651080000,9.081,9.083,9.077,9.077,1371.62
1777651140000,9.078,9.103,9.078,9.1,1020.25
1777651200000,9.101,9.11,9.096,9.097,1269.59
1777651260000,9.098,9.125,9.098,9.12,1494.06
1777651320000,9.122,9.124,9.104,9.105,963.79
1777651380000,9.104,9.109,9.026,9.028,7336.37
1777651440000,9.026,9.042,9.012,9.034,7408.05
1777651500000,9.033,9.042,9.031,9.034,2129.8
1777651560000,9.036,9.066,9.034,9.066,1975.26
1777651620000,9.065,9.085,9.06,9.085,2845.67
1777651680000,9.085,9.097,9.061,9.084,4138.05
1777651740000,9.084,9.107,9.084,9.103,2042.75
1777651800000,9.103,9.177,9.099,9.176,7924.98
1777651860000,9.175,9.234,9.164,9.205,13725.04
1777651920000,9.204,9.225,9.194,9.216,5792.37
1777651980000,9.215,9.221,9.153,9.158,4069.67
1777652040000,9.159,9.168,9.135,9.136,1828.39
1777652100000,9.137,9.149,9.124,9.141,3530.96
1777652160000,9.141,9.142,9.125,9.141,2532.29
1777652220000,9.137,9.144,9.119,9.124,1620.94
1777652280000,9.122,9.149,9.116,9.125,1666.75
1777652340000,9.125,9.125,9.119,9.125,459.14
1777652400000,9.125,9.138,9.108,9.124,4386.24
1777652460000,9.123,9.151,9.123,9.142,738.7
1777652520000,9.141,9.179,9.137,9.174,3620.38
1777652580000,9.174,9.186,9.127,9.133,3062.43
1777652640000,9.132,9.138,9.121,9.131,1427.1
1777652700000,9.131,9.131,9.113,9.123,609.84
1777652760000,9.123,9.141,9.116,9.125,1432.42
1777652820000,9.125,9.152,9.125,9.147,482.81
1777652880000,9.147,9.163,9.141,9.157,1927.81
1777652940000,9.157,9.157,9.133,9.142,533.66
1777653000000,9.142,9.154,9.136,9.146,1044.58
1777653060000,9.146,9.168,9.134,9.168,2139.28
1777653120000,9.168,9.175,9.164,9.171,527.25
1777653180000,9.171,9.171,9.118,9.122,3007.03
1777653240000,9.122,9.127,9.108,9.127,2770.37
1777653300000,9.126,9.129,9.12,9.128,233.53
1777653360000,9.128,9.132,9.12,9.128,387.16
1777653420000,9.128,9.139,9.125,9.134,366.85
1777653480000,9.134,9.152,9.133,9.15,849.07
1777653540000,9.149,9.2,9.147,9.185,5174.63
1777653600000,9.185,9.199,9.183,9.187,2216.99
1777653660000,9.185,9.191,9.178,9.183,1284.23
1777653720000,9.184,9.19,9.178,9.185,767.79
1777653780000,9.187,9.194,9.172,9.19,1464.16
1777653840000,9.187,9.202,9.186,9.195,1144.22
1777653900000,9.193,9.201,9.183,9.187,2002.98
1777653960000,9.186,9.196,9.173,9.194,1131.47
1777654020000,9.194,9.208,9.187,9.189,2307.51
1777654080000,9.189,9.194,9.179,9.191,632.88
1777654140000,9.192,9.193,9.176,9.186,1988.29
1777654200000,9.184,9.184,9.171,9.178,713.78
1777654260000,9.179,9.21,9.179,9.21,1485.1
1777654320000,9.207,9.214,9.198,9.205,1329.11
1777654380000,9.205,9.232,9.202,9.228,1615.56
1777654440000,9.227,9.232,9.217,9.217,1234.28
1777654500000,9.218,9.238,9.215,9.219,3916.01
1777654560000,9.22,9.25,9.176,9.176,8590.07
1777654620000,9.177,9.191,9.151,9.151,3020.63
1777654680000,9.152,9.157,9.143,9.143,3037.79
1777654740000,9.144,9.153,9.135,9.143,3232.43
1777654800000,9.145,9.17,9.144,9.16,1489.66
1777654860000,9.159,9.17,9.156,9.162,1393.77
1777654920000,9.161,9.17,9.151,9.151,1446.12
1777654980000,9.15,9.159,9.136,9.142,1412.94
1777655040000,9.144,9.148,9.13,9.13,1655.67
1777655100000,9.13,9.141,9.118,9.141,1885.21
1777655160000,9.141,9.143,9.13,9.138,757.82
1777655220000,9.138,9.148,9.136,9.143,730.16
1777655280000,9.144,9.148,9.129,9.129,885.89
1777655340000,9.128,9.158,9.128,9.158,1102.27
1777655400000,9.156,9.179,9.153,9.164,1932.96
1777655460000,9.163,9.169,9.154,9.167,864.81
1777655520000,9.166,9.185,9.163,9.185,2166.49
1777655580000,9.18,9.183,9.166,9.173,1313.45
1777655640000,9.172,9.176,9.164,9.167,1603.65
1777655700000,9.168,9.169,9.138,9.142,2978.37
1777655760000,9.141,9.151,9.139,9.151,717.99
1777655820000,9.149,9.15,9.134,9.137,560.62
1777655880000,9.138,9.144,9.133,9.143,196.26
1777655940000,9.142,9.166,9.142,9.162,1791.89
1777656000000,9.16,9.18,9.146,9.147,2240.34
1777656060000,9.147,9.147,9.117,9.125,4043.05
1777656120000,9.126,9.145,9.125,9.135,1631.46
1777656180000,9.136,9.139,9.125,9.131,530.07
1777656240000,9.131,9.133,9.118,9.126,1019.58
1777656300000,9.127,9.136,9.122,9.126,1003.23
1777656360000,9.126,9.126,9.111,9.115,1172.86
1777656420000,9.116,9.125,9.114,9.12,590.11
1777656480000,9.119,9.126,9.119,9.126,331.5
1777656540000,9.125,9.127,9.118,9.127,376.1
1777656600000,9.127,9.134,9.124,9.131,357.61
1777656660000,9.13,9.136,9.125,9.13,909.22
1777656720000,9.13,9.142,9.127,9.134,551.09
1777656780000,9.133,9.136,9.114,9.121,519.9
1777656840000,9.12,9.129,9.111,9.126,1291.96
1777656900000,9.126,9.137,9.126,9.136,437.2
1777656960000,9.136,9.149,9.134,9.149,364.99
1777657020000,9.149,9.185,9.146,9.183,2392.28
1777657080000,9.183,9.193,9.18,9.186,1087.18
1777657140000,9.186,9.196,9.184,9.196,2009.13
1777657200000,9.195,9.195,9.188,9.194,690.76
1777657260000,9.194,9.196,9.185,9.188,1206.91
1777657320000,9.188,9.19,9.167,9.168,996.02
1777657380000,9.167,9.169,9.156,9.164,966.91
1777657440000,9.163,9.173,9.163,9.169,898.99
1777657500000,9.169,9.183,9.167,9.183,1621.78
1777657560000,9.181,9.19,9.176,9.176,608.38
1777657620000,9.176,9.186,9.172,9.176,667.77
1777657680000,9.175,9.18,9.165,9.176,642.82
1777657740000,9.176,9.196,9.175,9.189,685.81
1777657800000,9.189,9.19,9.168,9.17,849.64
1777657860000,9.17,9.177,9.164,9.175,911.34
1777657920000,9.175,9.184,9.171,9.171,881.06
1777657980000,9.17,9.17,9.14,9.15,1180.62
1777658040000,9.148,9.151,9.14,9.149,2087.32
1777658100000,9.148,9.164,9.147,9.164,490.67
1777658160000,9.161,9.169,9.155,9.161,1704.11
1777658220000,9.162,9.177,9.161,9.172,1321.51
1777658280000,9.171,9.175,9.164,9.171,440.54
1777658340000,9.169,9.172,9.163,9.164,161.31
1777658400000,9.165,9.176,9.165,9.168,206.5
1777658460000,9.166,9.182,9.164,9.177,1416.08
1777658520000,9.177,9.178,9.169,9.173,645.52
1777658580000,9.172,9.196,9.167,9.191,1616.7
1777658640000,9.188,9.224,9.182,9.224,3828.68
1777658700000,9.223,9.245,9.205,9.205,5319.83
1777658760000,9.205,9.272,9.202,9.234,21168.92
1777658820000,9.235,9.242,9.217,9.22,5551.62
1777658880000,9.22,9.227,9.211,9.217,3819.24
1777658940000,9.217,9.224,9.209,9.213,1726.03
1777659000000,9.214,9.216,9.205,9.215,1276.26
1777659060000,9.214,9.216,9.206,9.216,793.95
1777659120000,9.214,9.215,9.201,9.209,1023.19
1777659180000,9.209,9.21,9.203,9.204,480.71
1777659240000,9.204,9.218,9.197,9.218,1900.64
1777659300000,9.219,9.22,9.205,9.218,332.69
1777659360000,9.216,9.219,9.206,9.21,1205.71
1777659420000,9.209,9.22,9.206,9.215,972.04
1777659480000,9.213,9.217,9.207,9.214,446.74
1777659540000,9.215,9.216,9.206,9.212,648.72
1777659600000,9.212,9.223,9.21,9.221,4109.32
1777659660000,9.219,9.222,9.204,9.212,646.3
1777659720000,9.212,9.214,9.201,9.203,882.05
1777659780000,9.203,9.223,9.201,9.216,899.06
1777659840000,9.216,9.226,9.215,9.218,1197.4
1777659900000,9.218,9.222,9.21,9.211,548.78
1777659960000,9.211,9.233,9.21,9.223,2241.48
1777660020000,9.225,9.227,9.213,9.227,687.89
1777660080000,9.227,9.234,9.223,9.226,1506.89
1777660140000,9.223,9.226,9.212,9.224,1151.06
1777660200000,9.223,9.223,9.191,9.193,1631.93
1777660260000,9.194,9.21,9.174,9.178,2947.36
1777660320000,9.177,9.193,9.172,9.188,1028.32
1777660380000,9.187,9.197,9.182,9.188,805.35
1777660440000,9.187,9.194,9.184,9.184,201.85
1777660500000,9.184,9.193,9.174,9.193,1530.51
1777660560000,9.193,9.209,9.188,9.206,916.76
1777660620000,9.205,9.217,9.183,9.185,2704.7
1777660680000,9.185,9.207,9.185,9.206,859.1
1777660740000,9.207,9.231,9.196,9.228,1728.42
1777660800000,9.225,9.231,9.211,9.228,1142.45
1777660860000,9.227,9.228,9.216,9.222,588.24
1777660920000,9.221,9.23,9.219,9.225,333.18
1777660980000,9.225,9.233,9.223,9.223,593.29
1777661040000,9.225,9.229,9.222,9.223,177.46
1777661100000,9.223,9.224,9.213,9.215,427.16
1777661160000,9.214,9.222,9.21,9.219,467.41
1777661220000,9.219,9.225,9.212,9.219,596.8
1777661280000,9.22,9.232,9.218,9.224,510.92
1777661340000,9.225,9.229,9.222,9.224,392.03
1777661400000,9.226,9.226,9.199,9.202,1984.57
1777661460000,9.205,9.224,9.191,9.224,1677.7
1777661520000,9.226,9.251,9.226,9.227,3287.47
1777661580000,9.227,9.23,9.215,9.227,1224.43
1777661640000,9.225,9.239,9.222,9.238,447.22
1777661700000,9.237,9.242,9.228,9.237,755.25
1777661760000,9.238,9.249,9.208,9.208,2055.26
1777661820000,9.207,9.207,9.198,9.203,885.07
1777661880000,9.203,9.211,9.201,9.205,1081.89
1777661940000,9.206,9.209,9.203,9.205,340.99
1777662000000,9.205,9.209,9.186,9.187,596.24
1777662060000,9.19,9.205,9.186,9.205,944.37
1777662120000,9.204,9.206,9.188,9.201,1169.31
1777662180000,9.203,9.203,9.188,9.191,376.86
1777662240000,9.192,9.192,9.182,9.19,406.14
1777662300000,9.191,9.202,9.191,9.199,505.36
1777662360000,9.199,9.209,9.197,9.202,363.82
1777662420000,9.205,9.21,9.193,9.21,932.59
1777662480000,9.21,9.21,9.192,9.198,1553.85
1777662540000,9.197,9.208,9.195,9.206,563.25
1777662600000,9.205,9.209,9.198,9.198,564.65
1777662660000,9.2,9.204,9.193,9.2,707.85
1777662720000,9.2,9.201,9.193,9.2,470.83
1777662780000,9.2,9.21,9.2,9.207,683.1
1777662840000,9.205,9.205,9.193,9.193,218.15
1777662900000,9.192,9.203,9.186,9.199,407.36
1777662960000,9.198,9.202,9.179,9.183,464.42
1777663020000,9.183,9.193,9.181,9.191,392.98
1777663080000,9.191,9.191,9.167,9.18,995.22
1777663140000,9.18,9.181,9.17,9.176,652.29
1777663200000,9.175,9.179,9.166,9.174,1667.58
1777663260000,9.175,9.178,9.165,9.171,388.97
1777663320000,9.172,9.174,9.166,9.166,359.65
1777663380000,9.166,9.177,9.164,9.171,791.9
1777663440000,9.171,9.177,9.166,9.171,436.44
1777663500000,9.171,9.18,9.169,9.177,552.27
1777663560000,9.174,9.178,9.165,9.166,531.23
1777663620000,9.166,9.173,9.164,9.168,425.1
1777663680000,9.168,9.168,9.159,9.159,1795.75
1777663740000,9.161,9.165,9.155,9.158,534.38
1777663800000,9.156,9.159,9.153,9.159,433.41
1777663860000,9.16,9.16,9.133,9.141,2008.52
1777663920000,9.141,9.159,9.137,9.156,1298.06
1777663980000,9.156,9.158,9.145,9.146,219.46
1777664040000,9.147,9.164,9.147,9.155,712.61
1777664100000,9.157,9.174,9.157,9.169,646.32
1777664160000,9.169,9.17,9.162,9.162,330.36
1777664220000,9.162,9.179,9.162,9.17,841.16
1777664280000,9.169,9.174,9.168,9.171,384.85
1777664340000,9.172,9.18,9.168,9.179,530.04
1777664400000,9.179,9.199,9.178,9.198,1295.37
1777664460000,9.197,9.201,9.193,9.201,687.63
1777664520000,9.2,9.21,9.186,9.189,1302.47
1777664580000,9.187,9.192,9.186,9.191,376.4
1777664640000,9.19,9.194,9.187,9.19,205.62
1777664700000,9.19,9.196,9.184,9.187,887.29
1777664760000,9.187,9.197,9.187,9.196,484.24
1777664820000,9.195,9.198,9.19,9.198,390.18
1777664880000,9.195,9.204,9.195,9.204,257.09
1777664940000,9.204,9.208,9.201,9.205,197.05
1777665000000,9.205,9.206,9.177,9.192,3528.5
1777665060000,9.193,9.201,9.188,9.198,527.42
1777665120000,9.198,9.203,9.195,9.202,415.2
1777665180000,9.201,9.207,9.193,9.198,1613.82
1777665240000,9.196,9.207,9.196,9.203,611.28
1777665300000,9.199,9.2,9.192,9.198,155.22
1777665360000,9.198,9.212,9.197,9.208,738.86
1777665420000,9.209,9.235,9.209,9.23,1178.6
1777665480000,9.231,9.242,9.215,9.224,1956.18
1777665540000,9.225,9.225,9.196,9.199,512.99
1777665600000,9.2,9.203,9.186,9.189,1000.97
1777665660000,9.188,9.196,9.188,9.196,284.35
1777665720000,9.195,9.218,9.194,9.209,1338.67
1777665780000,9.209,9.209,9.192,9.199,517.99
1777665840000,9.2,9.201,9.187,9.198,1194.42
1777665900000,9.197,9.198,9.192,9.196,580.26
1777665960000,9.196,9.196,9.18,9.18,2492.13
1777666020000,9.181,9.184,9.177,9.181,436.6
1777666080000,9.182,9.185,9.157,9.158,634.59
1777666140000,9.159,9.163,9.144,9.152,3828.43
1777666200000,9.153,9.157,9.139,9.156,1091.24
1777666260000,9.155,9.167,9.153,9.166,1263.72
1777666320000,9.166,9.175,9.164,9.173,840.81
1777666380000,9.173,9.176,9.171,9.173,182.78
1777666440000,9.173,9.173,9.17,9.172,565.62
1777666500000,9.172,9.177,9.172,9.175,201.85
1777666560000,9.173,9.176,9.156,9.165,2437.5
1777666620000,9.165,9.187,9.163,9.176,1699.58
1777666680000,9.175,9.185,9.143,9.179,5845.65
1777666740000,9.179,9.185,9.163,9.173,2058.65
1777666800000,9.174,9.191,9.174,9.18,2137.48
1777666860000,9.181,9.182,9.16,9.165,1597.47
1777666920000,9.162,9.187,9.16,9.185,2226.34
1777666980000,9.185,9.19,9.178,9.18,2175.06
1777667040000,9.18,9.182,9.175,9.175,133.22
1777667100000,9.175,9.185,9.175,9.179,249.33
1777667160000,9.178,9.179,9.166,9.167,868.92
1777667220000,9.167,9.169,9.16,9.167,333.34
1777667280000,9.167,9.177,9.167,9.177,139.51
1777667340000,9.176,9.183,9.166,9.166,1834.34
1777667400000,9.167,9.169,9.157,9.158,175.45
1777667460000,9.159,9.167,9.131,9.142,2314.55
1777667520000,9.142,9.148,9.131,9.146,1571.95
1777667580000,9.146,9.146,9.133,9.137,1853.58
1777667640000,9.138,9.139,9.119,9.123,2161.59
1777667700000,9.124,9.127,9.101,9.108,2794.39
1777667760000,9.11,9.13,9.108,9.114,1986.93
1777667820000,9.114,9.123,9.107,9.118,3326.65
1777667880000,9.117,9.121,9.116,9.118,346.35
1777667940000,9.118,9.137,9.118,9.132,1696.06
1777668000000,9.132,9.144,9.113,9.116,5776.58
1777668060000,9.116,9.121,9.102,9.112,4083.48
1777668120000,9.113,9.115,9.104,9.112,1576.12
1777668180000,9.113,9.138,9.112,9.134,1574.45
1777668240000,9.135,9.141,9.126,9.126,423.25
1777668300000,9.126,9.145,9.125,9.137,2779.77
1777668360000,9.138,9.152,9.136,9.137,2614.12
1777668420000,9.137,9.141,9.12,9.12,687.23
1777668480000,9.121,9.125,9.109,9.116,1618.62
1777668540000,9.116,9.119,9.109,9.114,424.12
1777668600000,9.115,9.138,9.115,9.136,1072.88
1777668660000,9.136,9.137,9.122,9.128,1953.82
1777668720000,9.129,9.129,9.108,9.111,964.13
1777668780000,9.111,9.118,9.084,9.118,2683.09
1777668840000,9.117,9.136,9.111,9.136,789.61
1777668900000,9.136,9.178,9.129,9.172,3398.76
1777668960000,9.171,9.209,9.154,9.184,7814.18
1777669020000,9.184,9.193,9.174,9.178,2471.02
1777669080000,9.179,9.192,9.178,9.185,3548.45
1777669140000,9.186,9.199,9.185,9.198,425.02
1777669200000,9.197,9.202,9.19,9.201,621.21
1777669260000,9.201,9.214,9.2,9.207,1207.82
1777669320000,9.207,9.223,9.206,9.212,1025.1
1777669380000,9.212,9.212,9.186,9.195,2024.16
1777669440000,9.197,9.201,9.184,9.186,1132.75
1777669500000,9.186,9.188,9.176,9.176,624.7
1777669560000,9.177,9.198,9.176,9.198,2267.39
1777669620000,9.197,9.2,9.185,9.188,638.68
1777669680000,9.188,9.198,9.183,9.194,1009.74
1777669740000,9.195,9.209,9.182,9.208,1529.64
1777669800000,9.209,9.234,9.209,9.234,1774.65
1777669860000,9.233,9.233,9.213,9.222,1218.34
1777669920000,9.222,9.236,9.221,9.228,696.28
1777669980000,9.227,9.228,9.209,9.212,1168.21
1777670040000,9.213,9.214,9.197,9.207,1399.5
1777670100000,9.207,9.218,9.202,9.218,302.11
1777670160000,9.218,9.222,9.212,9.218,895.22
1777670220000,9.217,9.224,9.217,9.219,500.0
1777670280000,9.219,9.239,9.219,9.223,2075.3
1777670340000,9.223,9.228,9.222,9.225,332.15
1777670400000,9.223,9.236,9.222,9.223,515.85
1777670460000,9.224,9.226,9.217,9.221,949.37
1777670520000,9.218,9.223,9.208,9.223,891.13
1777670580000,9.223,9.228,9.223,9.225,317.21
1777670640000,9.226,9.234,9.226,9.234,258.55
1777670700000,9.232,9.24,9.232,9.239,674.73
1777670760000,9.239,9.254,9.239,9.245,1189.03
1777670820000,9.243,9.252,9.239,9.243,470.87
1777670880000,9.243,9.287,9.241,9.256,7619.73
1777670940000,9.258,9.259,9.231,9.236,1166.84
1777671000000,9.236,9.246,9.231,9.235,1083.48
1777671060000,9.234,9.236,9.225,9.231,1078.49
1777671120000,9.233,9.246,9.229,9.24,602.19
1777671180000,9.239,9.242,9.229,9.235,602.14
1777671240000,9.235,9.241,9.235,9.235,398.17
1777671300000,9.235,9.244,9.235,9.237,302.68
1777671360000,9.238,9.25,9.236,9.247,1308.21
1777671420000,9.248,9.253,9.238,9.239,808.89
1777671480000,9.241,9.248,9.241,9.241,195.21
1777671540000,9.242,9.242,9.228,9.233,680.73
1777671600000,9.232,9.24,9.222,9.226,1113.81
1777671660000,9.227,9.227,9.217,9.22,385.24
1777671720000,9.222,9.243,9.22,9.242,763.51
1777671780000,9.242,9.251,9.236,9.245,705.08
1777671840000,9.245,9.245,9.237,9.237,420.69
1777671900000,9.24,9.249,9.237,9.238,297.25
1777671960000,9.237,9.238,9.233,9.235,417.08
1777672020000,9.235,9.241,9.234,9.24,404.85
1777672080000,9.239,9.248,9.239,9.248,112.97
1777672140000,9.248,9.248,9.237,9.242,333.65
1777672200000,9.242,9.255,9.242,9.247,776.59
1777672260000,9.249,9.25,9.24,9.244,654.75
1777672320000,9.244,9.244,9.236,9.241,617.64
1777672380000,9.241,9.241,9.221,9.221,2575.07
1777672440000,9.224,9.23,9.224,9.227,119.06
1777672500000,9.226,9.226,9.209,9.218,848.06
1777672560000,9.218,9.226,9.217,9.225,313.59
1777672620000,9.225,9.23,9.222,9.229,212.95
1777672680000,9.229,9.229,9.225,9.228,65.23
1777672740000,9.229,9.234,9.229,9.232,296.91
1777672800000,9.233,9.249,9.232,9.238,904.76
1777672860000,9.237,9.241,9.236,9.236,155.34
1777672920000,9.237,9.276,9.236,9.276,1575.34
1777672980000,9.275,9.298,9.263,9.263,2843.99
1777673040000,9.266,9.267,9.247,9.249,898.41
1777673100000,9.249,9.25,9.236,9.236,1150.92
1777673160000,9.239,9.286,9.239,9.281,2184.84
1777673220000,9.282,9.287,9.259,9.261,1078.33
1777673280000,9.262,9.263,9.242,9.243,970.65
1777673340000,9.243,9.266,9.242,9.248,940.98
1777673400000,9.248,9.248,9.24,9.243,545.91
1777673460000,9.243,9.251,9.234,9.25,762.91
1777673520000,9.25,9.265,9.25,9.259,475.18
1777673580000,9.259,9.259,9.25,9.253,348.18
1777673640000,9.253,9.263,9.247,9.251,1066.22
1777673700000,9.251,9.254,9.25,9.252,190.76
1777673760000,9.252,9.261,9.247,9.247,1614.68
1777673820000,9.252,9.26,9.251,9.258,365.48
1777673880000,9.257,9.274,9.255,9.273,179.79
1777673940000,9.272,9.282,9.268,9.282,628.26
1777674000000,9.282,9.282,9.272,9.278,680.36
1777674060000,9.279,9.283,9.277,9.28,409.0
1777674120000,9.282,9.295,9.28,9.285,1221.57
1777674180000,9.284,9.284,9.273,9.28,808.07
1777674240000,9.28,9.282,9.269,9.281,812.59
1777674300000,9.281,9.294,9.273,9.284,1266.82
1777674360000,9.284,9.284,9.273,9.277,385.16
1777674420000,9.274,9.282,9.274,9.28,254.67
1777674480000,9.28,9.282,9.276,9.276,411.1
1777674540000,9.276,9.278,9.269,9.275,199.4
1777674600000,9.274,9.278,9.269,9.276,374.61
1777674660000,9.275,9.276,9.264,9.266,684.35
1777674720000,9.265,9.272,9.258,9.262,516.72
1777674780000,9.262,9.263,9.258,9.259,411.47
1777674840000,9.258,9.262,9.25,9.251,846.59
1777674900000,9.25,9.255,9.238,9.238,728.73
1777674960000,9.239,9.242,9.232,9.238,846.13
1777675020000,9.237,9.248,9.232,9.248,701.11
1777675080000,9.248,9.248,9.231,9.234,624.95
1777675140000,9.234,9.242,9.233,9.238,241.68
1777675200000,9.238,9.242,9.237,9.241,342.45
1777675260000,9.241,9.243,9.235,9.242,328.32
1777675320000,9.242,9.243,9.238,9.242,352.88
1777675380000,9.24,9.241,9.238,9.241,60.77
1777675440000,9.241,9.25,9.238,9.25,674.83
1777675500000,9.249,9.249,9.237,9.238,418.72
1777675560000,9.237,9.237,9.223,9.226,722.03
1777675620000,9.226,9.23,9.224,9.224,363.55
1777675680000,9.224,9.225,9.217,9.217,903.58
1777675740000,9.219,9.219,9.19,9.197,2189.73
1777675800000,9.198,9.198,9.161,9.177,5458.42
1777675860000,9.177,9.197,9.177,9.193,1228.47
1777675920000,9.193,9.207,9.193,9.206,545.33
1777675980000,9.206,9.239,9.194,9.221,8676.42
1777676040000,9.217,9.229,9.207,9.209,1246.38
1777676100000,9.209,9.226,9.202,9.218,2590.63
1777676160000,9.217,9.219,9.206,9.211,710.85
1777676220000,9.212,9.224,9.21,9.218,538.76
1777676280000,9.22,9.22,9.21,9.213,175.26
1777676340000,9.213,9.22,9.21,9.218,397.17
1777676400000,9.217,9.219,9.208,9.21,457.36
1777676460000,9.21,9.21,9.2,9.208,993.6
1777676520000,9.207,9.219,9.184,9.204,2649.56
1777676580000,9.204,9.227,9.204,9.225,2742.58
1777676640000,9.224,9.224,9.213,9.222,788.56
1777676700000,9.222,9.226,9.218,9.221,595.29
1777676760000,9.22,9.221,9.21,9.214,544.78
1777676820000,9.214,9.233,9.214,9.225,1623.35
1777676880000,9.224,9.228,9.202,9.206,1005.29
1777676940000,9.205,9.211,9.194,9.209,1332.2
1777677000000,9.208,9.237,9.208,9.229,1790.98
1777677060000,9.23,9.244,9.219,9.227,1291.6
1777677120000,9.224,9.244,9.22,9.238,2317.7
1777677180000,9.237,9.242,9.23,9.23,386.04
1777677240000,9.229,9.23,9.223,9.229,757.42
1777677300000,9.227,9.236,9.225,9.225,912.23
1777677360000,9.225,9.233,9.219,9.232,859.58
1777677420000,9.232,9.244,9.231,9.243,446.38
1777677480000,9.241,9.244,9.231,9.233,883.88
1777677540000,9.232,9.242,9.216,9.226,2475.83
1777677600000,9.225,9.233,9.217,9.224,1385.37
1777677660000,9.225,9.227,9.223,9.225,545.08
1777677720000,9.225,9.242,9.225,9.238,767.83
1777677780000,9.238,9.238,9.232,9.234,161.46
1777677840000,9.234,9.234,9.23,9.23,250.31
1777677900000,9.232,9.241,9.232,9.237,150.13
1777677960000,9.236,9.236,9.226,9.227,255.94
1777678020000,9.228,9.229,9.225,9.227,193.38
1777678080000,9.227,9.23,9.221,9.225,495.39
1777678140000,9.224,9.225,9.22,9.221,51.1
1777678200000,9.221,9.227,9.195,9.227,5071.86
1777678260000,9.226,9.237,9.226,9.231,1643.98
1777678320000,9.23,9.242,9.218,9.221,2288.19
1777678380000,9.219,9.231,9.207,9.229,2618.08
1777678440000,9.229,9.231,9.226,9.229,301.61
1777678500000,9.23,9.231,9.226,9.229,118.83
1777678560000,9.228,9.236,9.226,9.229,828.58
1777678620000,9.229,9.234,9.228,9.234,181.36
1777678680000,9.234,9.241,9.23,9.241,670.98
1777678740000,9.241,9.247,9.238,9.245,318.33
1777678800000,9.246,9.266,9.246,9.263,2285.99
1777678860000,9.263,9.265,9.253,9.259,687.02
1777678920000,9.259,9.259,9.256,9.258,174.77
1777678980000,9.258,9.261,9.255,9.257,214.58
1777679040000,9.255,9.265,9.251,9.259,497.78
1777679100000,9.259,9.264,9.257,9.261,1147.98
1777679160000,9.261,9.264,9.259,9.26,117.46
1777679220000,9.262,9.265,9.26,9.263,358.36
1777679280000,9.263,9.268,9.259,9.266,438.89
1777679340000,9.269,9.269,9.264,9.267,208.48
1777679400000,9.267,9.275,9.264,9.27,1067.7
1777679460000,9.27,9.27,9.263,9.267,303.06
1777679520000,9.268,9.268,9.258,9.262,714.88
1777679580000,9.262,9.272,9.262,9.269,199.47
1777679640000,9.27,9.27,9.259,9.268,683.47
1777679700000,9.268,9.279,9.268,9.277,379.85
1777679760000,9.277,9.28,9.274,9.28,377.51
1777679820000,9.279,9.28,9.274,9.278,194.67
1777679880000,9.275,9.278,9.267,9.269,716.41
1777679940000,9.268,9.272,9.257,9.272,992.13
1777680000000,9.271,9.289,9.266,9.278,1081.67
1777680060000,9.277,9.289,9.271,9.288,1094.24
1777680120000,9.288,9.294,9.282,9.291,1881.31
1777680180000,9.29,9.297,9.285,9.286,965.79
1777680240000,9.286,9.289,9.282,9.289,325.71
1777680300000,9.286,9.291,9.283,9.291,770.14
1777680360000,9.287,9.296,9.285,9.294,2727.54
1777680420000,9.294,9.299,9.294,9.297,792.14
1777680480000,9.297,9.297,9.286,9.286,1078.0
1777680540000,9.287,9.333,9.286,9.313,9497.17
1777680600000,9.313,9.32,9.307,9.32,1392.69
1777680660000,9.319,9.324,9.318,9.322,1080.51
1777680720000,9.321,9.323,9.314,9.317,863.51
1777680780000,9.317,9.317,9.309,9.316,622.33
1777680840000,9.315,9.328,9.315,9.328,546.08
1777680900000,9.327,9.332,9.319,9.319,5576.33
1777680960000,9.32,9.328,9.319,9.321,698.66
1777681020000,9.322,9.323,9.29,9.293,2147.81
1777681080000,9.294,9.294,9.268,9.272,3167.14
1777681140000,9.273,9.279,9.268,9.276,1234.77
1777681200000,9.276,9.278,9.264,9.264,1712.39
1777681260000,9.264,9.276,9.26,9.275,1456.15
1777681320000,9.276,9.304,9.276,9.286,4403.74
1777681380000,9.285,9.292,9.282,9.291,379.77
1777681440000,9.291,9.302,9.279,9.279,1681.07
1777681500000,9.28,9.283,9.272,9.275,942.36
1777681560000,9.275,9.299,9.275,9.292,2073.64
1777681620000,9.292,9.3,9.284,9.284,587.5
1777681680000,9.283,9.284,9.277,9.279,186.22
1777681740000,9.278,9.286,9.274,9.286,1362.38
1777681800000,9.284,9.296,9.284,9.286,696.52
1777681860000,9.284,9.286,9.276,9.282,741.83
1777681920000,9.283,9.299,9.28,9.295,1223.78
1777681980000,9.296,9.31,9.295,9.31,1147.39
1777682040000,9.31,9.31,9.305,9.306,401.66
1777682100000,9.306,9.306,9.299,9.305,513.64
1777682160000,9.303,9.303,9.297,9.297,296.54
1777682220000,9.296,9.304,9.296,9.304,932.04
1777682280000,9.303,9.309,9.302,9.302,353.24
1777682340000,9.301,9.315,9.3,9.313,913.14
1777682400000,9.312,9.313,9.304,9.313,519.74
1777682460000,9.313,9.331,9.313,9.322,2223.21
1777682520000,9.322,9.346,9.32,9.344,2986.44
1777682580000,9.345,9.349,9.336,9.341,2338.63
1777682640000,9.341,9.345,9.332,9.332,1372.93
1777682700000,9.333,9.343,9.327,9.339,1074.49
1777682760000,9.338,9.363,9.331,9.351,4996.81
1777682820000,9.35,9.351,9.34,9.34,682.3
1777682880000,9.34,9.355,9.339,9.353,665.81
1777682940000,9.353,9.361,9.348,9.352,2106.35
1777683000000,9.353,9.362,9.352,9.359,1619.73
1777683060000,9.357,9.364,9.354,9.362,2467.07
1777683120000,9.362,9.385,9.362,9.376,4603.92
1777683180000,9.376,9.382,9.369,9.378,913.7
1777683240000,9.377,9.377,9.368,9.37,650.99
1777683300000,9.369,9.38,9.367,9.373,1621.72
1777683360000,9.372,9.372,9.368,9.369,641.97
1777683420000,9.37,9.37,9.361,9.364,728.26
1777683480000,9.364,9.373,9.358,9.369,1294.85
1777683540000,9.368,9.374,9.367,9.373,423.2
1777683600000,9.372,9.372,9.354,9.361,1742.76
1777683660000,9.361,9.362,9.345,9.354,1310.3
1777683720000,9.354,9.356,9.348,9.351,782.98
1777683780000,9.351,9.354,9.341,9.343,1054.87
1777683840000,9.344,9.348,9.335,9.338,558.95
1777683900000,9.339,9.342,9.324,9.324,1058.17
1777683960000,9.327,9.33,9.314,9.327,1776.58
1777684020000,9.326,9.328,9.318,9.325,706.24
1777684080000,9.325,9.334,9.325,9.331,263.43
1777684140000,9.332,9.349,9.332,9.348,736.8
1777684200000,9.348,9.376,9.344,9.371,2855.22
1777684260000,9.372,9.384,9.371,9.379,1024.09
1777684320000,9.38,9.391,9.368,9.378,3191.85
1777684380000,9.377,9.386,9.375,9.38,521.57
1777684440000,9.38,9.389,9.38,9.386,564.13
1777684500000,9.386,9.393,9.379,9.384,1463.93
1777684560000,9.383,9.386,9.376,9.383,837.68
1777684620000,9.38,9.385,9.377,9.385,817.49
1777684680000,9.385,9.388,9.378,9.384,614.79
1777684740000,9.382,9.385,9.368,9.37,848.15
1777684800000,9.371,9.377,9.352,9.375,3472.29
1777684860000,9.374,9.376,9.366,9.374,948.53
1777684920000,9.376,9.377,9.366,9.366,356.6
1777684980000,9.366,9.383,9.366,9.383,575.72
1777685040000,9.381,9.382,9.379,9.381,215.91
1777685100000,9.381,9.384,9.376,9.383,406.36
1777685160000,9.381,9.381,9.375,9.378,460.43
1777685220000,9.378,9.385,9.375,9.378,753.51
1777685280000,9.377,9.381,9.369,9.37,614.83
1777685340000,9.37,9.373,9.344,9.351,2091.99
1777685400000,9.352,9.38,9.347,9.37,3440.37
1777685460000,9.37,9.376,9.367,9.374,498.99
1777685520000,9.374,9.391,9.373,9.391,910.06
1777685580000,9.39,9.407,9.358,9.363,3348.59
1777685640000,9.363,9.384,9.356,9.381,3153.69
1777685700000,9.38,9.388,9.365,9.371,939.72
1777685760000,9.371,9.394,9.371,9.381,1137.83
1777685820000,9.38,9.384,9.379,9.38,392.1
1777685880000,9.379,9.379,9.365,9.373,1471.67
1777685940000,9.371,9.385,9.37,9.383,611.71
1777686000000,9.382,9.394,9.38,9.394,901.04
1777686060000,9.394,9.413,9.389,9.405,2247.27
1777686120000,9.404,9.405,9.398,9.398,540.85
1777686180000,9.4,9.412,9.4,9.403,599.74
1777686240000,9.405,9.406,9.392,9.402,1157.74
1777686300000,9.401,9.405,9.392,9.405,636.7
1777686360000,9.403,9.403,9.393,9.397,767.13
1777686420000,9.397,9.417,9.396,9.41,2851.26
1777686480000,9.41,9.413,9.408,9.413,550.14
1777686540000,9.412,9.416,9.404,9.409,733.78
1777686600000,9.409,9.422,9.403,9.412,3701.03
1777686660000,9.412,9.433,9.41,9.43,2653.41
1777686720000,9.429,9.436,9.426,9.431,2039.33
1777686780000,9.431,9.436,9.425,9.434,2031.49
1777686840000,9.431,9.45,9.427,9.444,2105.82
1777686900000,9.445,9.445,9.432,9.438,3255.22
1777686960000,9.437,9.443,9.436,9.436,477.41
1777687020000,9.436,9.436,9.411,9.417,2337.6
1777687080000,9.417,9.419,9.405,9.412,1252.93
1777687140000,9.411,9.416,9.409,9.411,1265.64
1777687200000,9.411,9.42,9.403,9.42,721.67
1777687260000,9.417,9.427,9.407,9.425,1569.26
1777687320000,9.425,9.445,9.425,9.443,1127.6
1777687380000,9.442,9.467,9.442,9.459,4223.53
1777687440000,9.457,9.474,9.441,9.46,4991.65
1777687500000,9.459,9.466,9.451,9.454,2048.57
1777687560000,9.452,9.452,9.44,9.442,648.17
1777687620000,9.44,9.448,9.434,9.441,594.24
1777687680000,9.441,9.452,9.434,9.451,1273.05
1777687740000,9.452,9.46,9.44,9.44,1548.22
1777687800000,9.439,9.439,9.43,9.436,1573.45
1777687860000,9.435,9.436,9.422,9.426,1683.14
1777687920000,9.427,9.434,9.426,9.43,705.42
1777687980000,9.431,9.464,9.429,9.451,5818.77
1777688040000,9.453,9.457,9.451,9.451,533.81
1777688100000,9.45,9.461,9.449,9.454,1320.88
1777688160000,9.454,9.457,9.449,9.455,406.42
1777688220000,9.454,9.463,9.451,9.456,1002.29
1777688280000,9.456,9.456,9.437,9.444,1473.03
1777688340000,9.446,9.455,9.445,9.453,332.53
1777688400000,9.452,9.452,9.426,9.428,4106.87
1777688460000,9.427,9.439,9.42,9.434,2066.7
1777688520000,9.435,9.45,9.434,9.441,1149.72
1777688580000,9.441,9.442,9.424,9.427,707.7
1777688640000,9.428,9.435,9.428,9.435,437.98
1777688700000,9.436,9.444,9.431,9.431,1959.56
1777688760000,9.431,9.431,9.404,9.404,974.8
1777688820000,9.406,9.409,9.387,9.406,3772.68
1777688880000,9.406,9.406,9.372,9.372,2516.1
1777688940000,9.376,9.389,9.374,9.376,891.07
1777689000000,9.377,9.378,9.367,9.371,1887.8
1777689060000,9.371,9.391,9.371,9.384,1312.51
1777689120000,9.386,9.403,9.386,9.392,1094.2
1777689180000,9.392,9.398,9.389,9.392,642.21
1777689240000,9.392,9.405,9.39,9.405,939.55
1777689300000,9.404,9.413,9.395,9.412,987.1
1777689360000,9.41,9.412,9.381,9.386,899.01
1777689420000,9.386,9.386,9.357,9.374,1963.37
1777689480000,9.373,9.394,9.366,9.392,3704.44
1777689540000,9.392,9.405,9.392,9.4,1046.77
1777689600000,9.4,9.409,9.4,9.407,975.91
1777689660000,9.408,9.409,9.373,9.374,1818.26
1777689720000,9.375,9.39,9.368,9.39,2488.95
1777689780000,9.39,9.405,9.389,9.397,1623.59
1777689840000,9.396,9.406,9.395,9.405,673.6
1777689900000,9.406,9.413,9.388,9.391,1657.7
1777689960000,9.391,9.4,9.389,9.394,728.96
1777690020000,9.394,9.397,9.386,9.386,695.78
1777690080000,9.387,9.391,9.38,9.38,356.64
1777690140000,9.381,9.381,9.334,9.337,4517.91
1777690200000,9.338,9.35,9.322,9.332,4504.19
1777690260000,9.332,9.354,9.315,9.349,4871.04
1777690320000,9.349,9.369,9.347,9.353,829.74
1777690380000,9.354,9.357,9.33,9.33,1108.98
1777690440000,9.33,9.334,9.317,9.322,1534.38
1777690500000,9.322,9.347,9.322,9.328,2680.17
1777690560000,9.328,9.35,9.328,9.341,678.94
1777690620000,9.339,9.345,9.327,9.334,1128.85
1777690680000,9.334,9.352,9.333,9.347,1665.28
1777690740000,9.346,9.357,9.339,9.345,789.71
1777690800000,9.346,9.349,9.322,9.334,1263.99
1777690860000,9.332,9.337,9.322,9.333,1803.39
1777690920000,9.333,9.35,9.331,9.34,1431.21
1777690980000,9.34,9.35,9.336,9.346,957.28
1777691040000,9.346,9.355,9.343,9.352,764.37
1777691100000,9.351,9.352,9.335,9.339,591.18
1777691160000,9.337,9.338,9.323,9.323,603.04
1777691220000,9.323,9.327,9.302,9.307,1918.61
1777691280000,9.31,9.317,9.303,9.316,793.59
1777691340000,9.316,9.324,9.31,9.324,3060.2
1777691400000,9.324,9.327,9.318,9.321,698.23
1777691460000,9.32,9.336,9.32,9.331,1412.52
1777691520000,9.33,9.334,9.329,9.331,449.43
1777691580000,9.331,9.345,9.33,9.332,1595.33
1777691640000,9.332,9.348,9.332,9.345,828.49
1777691700000,9.344,9.352,9.33,9.334,858.04
1777691760000,9.334,9.335,9.319,9.321,1319.08
1777691820000,9.322,9.35,9.311,9.348,1734.23
1777691880000,9.348,9.352,9.338,9.344,1196.76
1777691940000,9.344,9.348,9.329,9.331,922.99
1777692000000,9.331,9.344,9.33,9.335,1941.46
1777692060000,9.334,9.347,9.334,9.346,673.89
1777692120000,9.346,9.348,9.339,9.344,391.78
1777692180000,9.345,9.352,9.345,9.349,721.31
1777692240000,9.35,9.363,9.349,9.358,673.7
1777692300000,9.357,9.375,9.357,9.372,826.73
1777692360000,9.372,9.378,9.368,9.369,466.74
1777692420000,9.368,9.372,9.361,9.363,1005.7
1777692480000,9.364,9.369,9.363,9.366,137.21
1777692540000,9.367,9.372,9.366,9.369,609.37
1777692600000,9.368,9.371,9.359,9.37,336.4
1777692660000,9.371,9.372,9.357,9.364,1279.53
1777692720000,9.365,9.367,9.351,9.351,637.78
1777692780000,9.35,9.35,9.331,9.337,786.71
1777692840000,9.338,9.363,9.337,9.358,726.78
1777692900000,9.359,9.364,9.352,9.352,338.45
1777692960000,9.352,9.356,9.347,9.349,476.21
1777693020000,9.348,9.354,9.337,9.341,538.53
1777693080000,9.34,9.341,9.319,9.319,1046.69
1777693140000,9.321,9.336,9.32,9.324,1846.67
1777693200000,9.324,9.332,9.32,9.328,970.33
1777693260000,9.328,9.334,9.317,9.331,2155.53
1777693320000,9.331,9.334,9.322,9.332,751.62
1777693380000,9.331,9.331,9.322,9.322,418.61
1777693440000,9.325,9.325,9.314,9.318,662.17
1777693500000,9.315,9.32,9.307,9.314,626.33
1777693560000,9.314,9.316,9.289,9.314,1405.27
1777693620000,9.313,9.321,9.311,9.311,585.06
1777693680000,9.31,9.313,9.305,9.31,786.48
1777693740000,9.31,9.316,9.308,9.308,362.75
1777693800000,9.308,9.322,9.304,9.315,1858.93
1777693860000,9.315,9.331,9.307,9.33,749.6
1777693920000,9.33,9.338,9.327,9.334,388.65
1777693980000,9.335,9.353,9.332,9.35,1015.07
1777694040000,9.348,9.354,9.344,9.346,367.44
1777694100000,9.344,9.346,9.289,9.293,8265.88
1777694160000,9.292,9.305,9.275,9.284,3902.05
1777694220000,9.285,9.291,9.279,9.284,2589.55
1777694280000,9.284,9.291,9.278,9.28,1437.98
1777694340000,9.28,9.28,9.176,9.196,34876.53
1777694400000,9.198,9.222,9.186,9.199,12367.32
1777694460000,9.194,9.218,9.189,9.2,8721.93
1777694520000,9.201,9.213,9.196,9.201,4491.62
1777694580000,9.202,9.212,9.188,9.19,3669.18
1777694640000,9.188,9.217,9.181,9.217,3577.86
1777694700000,9.217,9.227,9.213,9.225,3416.07
1777694760000,9.225,9.225,9.2,9.204,3796.73
1777694820000,9.205,9.205,9.177,9.187,1969.54
1777694880000,9.189,9.199,9.174,9.185,3215.18
1777694940000,9.186,9.194,9.123,9.143,29844.9
1777695000000,9.143,9.156,9.12,9.127,9536.7
1777695060000,9.127,9.136,9.09,9.11,11760.3
1777695120000,9.11,9.153,9.11,9.126,3728.5
1777695180000,9.126,9.149,9.123,9.129,4870.39
1777695240000,9.128,9.137,9.126,9.135,1103.65
1777695300000,9.135,9.15,9.128,9.149,3055.91
1777695360000,9.149,9.149,9.136,9.14,824.82
1777695420000,9.14,9.161,9.12,9.159,6252.2
1777695480000,9.159,9.178,9.156,9.174,2528.39
1777695540000,9.174,9.184,9.162,9.163,1722.12
1777695600000,9.163,9.188,9.163,9.183,4226.65
1777695660000,9.183,9.203,9.18,9.198,2562.08
1777695720000,9.198,9.208,9.196,9.202,1077.39
1777695780000,9.202,9.205,9.182,9.188,1167.37
1777695840000,9.188,9.205,9.188,9.2,708.23
1777695900000,9.201,9.207,9.195,9.195,740.44
1777695960000,9.196,9.217,9.195,9.21,2398.52
1777696020000,9.208,9.23,9.208,9.218,1866.21
1777696080000,9.218,9.24,9.213,9.234,2625.76
1777696140000,9.233,9.239,9.232,9.233,623.15
1777696200000,9.233,9.236,9.221,9.221,650.07
1777696260000,9.223,9.229,9.217,9.227,1239.47
1777696320000,9.225,9.24,9.225,9.228,692.87
1777696380000,9.227,9.233,9.216,9.228,913.67
1777696440000,9.229,9.231,9.218,9.223,2008.77
1777696500000,9.223,9.233,9.217,9.228,829.37
1777696560000,9.227,9.246,9.22,9.245,1793.04
1777696620000,9.242,9.245,9.238,9.24,627.51
1777696680000,9.239,9.248,9.238,9.243,608.86
1777696740000,9.242,9.25,9.238,9.25,903.46
1777696800000,9.249,9.25,9.237,9.243,864.78
1777696860000,9.244,9.254,9.241,9.247,903.58
1777696920000,9.247,9.258,9.243,9.247,1662.44
1777696980000,9.247,9.247,9.243,9.244,182.47
1777697040000,9.243,9.245,9.233,9.234,663.95
1777697100000,9.235,9.238,9.224,9.226,623.16
1777697160000,9.226,9.233,9.219,9.221,960.81
1777697220000,9.221,9.231,9.215,9.231,991.52
1777697280000,9.231,9.235,9.231,9.231,515.73
1777697340000,9.234,9.235,9.229,9.232,432.66
1777697400000,9.232,9.243,9.226,9.23,2182.67
1777697460000,9.231,9.231,9.22,9.22,807.0
1777697520000,9.222,9.228,9.22,9.224,449.67
1777697580000,9.225,9.232,9.225,9.231,307.66
1777697640000,9.232,9.238,9.231,9.233,642.42
1777697700000,9.234,9.245,9.234,9.237,447.27
1777697760000,9.237,9.257,9.235,9.244,858.9
1777697820000,9.243,9.248,9.235,9.241,612.94
1777697880000,9.24,9.252,9.24,9.248,1403.44
1777697940000,9.247,9.248,9.23,9.236,578.91
1777698000000,9.236,9.239,9.228,9.229,695.62
1777698060000,9.228,9.23,9.216,9.224,1506.32
1777698120000,9.224,9.24,9.224,9.24,697.13
1777698180000,9.24,9.252,9.239,9.25,491.62
1777698240000,9.248,9.249,9.243,9.244,240.98
1777698300000,9.246,9.25,9.237,9.241,452.71
1777698360000,9.241,9.248,9.238,9.242,677.26
1777698420000,9.239,9.241,9.236,9.24,205.32
1777698480000,9.24,9.244,9.235,9.241,409.97
1777698540000,9.241,9.249,9.24,9.241,385.96
1777698600000,9.242,9.253,9.24,9.241,1042.68
1777698660000,9.241,9.244,9.239,9.244,733.52
1777698720000,9.243,9.249,9.242,9.242,533.09
1777698780000,9.241,9.245,9.232,9.242,374.99
1777698840000,9.24,9.247,9.24,9.242,175.15
1777698900000,9.243,9.243,9.238,9.238,135.34
1777698960000,9.237,9.243,9.231,9.243,638.0
1777699020000,9.239,9.243,9.239,9.242,248.51
1777699080000,9.242,9.246,9.24,9.244,295.59
1777699140000,9.245,9.247,9.235,9.235,732.49
1777699200000,9.235,9.241,9.224,9.224,1621.51
1777699260000,9.224,9.231,9.222,9.228,751.49
1777699320000,9.227,9.23,9.223,9.227,209.26
1777699380000,9.228,9.229,9.224,9.227,495.44
1777699440000,9.225,9.237,9.225,9.237,460.27
1777699500000,9.238,9.246,9.238,9.245,461.94
1777699560000,9.246,9.25,9.239,9.241,325.03
1777699620000,9.24,9.242,9.233,9.237,587.2
1777699680000,9.238,9.263,9.236,9.253,2289.9
1777699740000,9.253,9.262,9.252,9.253,669.07
1777699800000,9.253,9.256,9.25,9.256,125.25
1777699860000,9.254,9.265,9.253,9.262,619.34
1777699920000,9.261,9.271,9.26,9.264,541.51
1777699980000,9.268,9.268,9.26,9.264,1210.18
1777700040000,9.261,9.263,9.255,9.256,897.5
1777700100000,9.257,9.257,9.25,9.251,320.52
1777700160000,9.251,9.251,9.234,9.238,837.28
1777700220000,9.239,9.246,9.239,9.242,371.39
1777700280000,9.242,9.242,9.233,9.24,448.88
1777700340000,9.241,9.248,9.237,9.244,870.63
1777700400000,9.244,9.253,9.244,9.252,291.29
1777700460000,9.252,9.291,9.252,9.274,3824.11
1777700520000,9.274,9.275,9.272,9.272,549.39
1777700580000,9.271,9.271,9.259,9.261,492.27
1777700640000,9.26,9.273,9.257,9.271,761.59
1777700700000,9.27,9.272,9.265,9.266,308.53
1777700760000,9.265,9.28,9.265,9.275,600.72
1777700820000,9.274,9.279,9.27,9.271,805.39
1777700880000,9.271,9.271,9.257,9.259,879.81
1777700940000,9.259,9.26,9.25,9.253,238.08
1777701000000,9.253,9.253,9.243,9.248,833.3
1777701060000,9.25,9.259,9.246,9.249,883.94
1777701120000,9.249,9.259,9.248,9.259,797.16
1777701180000,9.256,9.259,9.247,9.247,163.0
1777701240000,9.248,9.25,9.245,9.246,184.43
1777701300000,9.245,9.25,9.24,9.246,1030.5
1777701360000,9.246,9.247,9.239,9.243,733.23
1777701420000,9.243,9.254,9.241,9.241,589.75
1777701480000,9.241,9.252,9.24,9.247,922.33
1777701540000,9.25,9.257,9.243,9.243,241.19
1777701600000,9.245,9.257,9.245,9.252,235.48
1777701660000,9.253,9.267,9.25,9.267,615.26
1777701720000,9.267,9.281,9.267,9.275,699.44
1777701780000,9.274,9.277,9.267,9.267,1072.94
1777701840000,9.27,9.28,9.27,9.276,526.64
1777701900000,9.276,9.298,9.276,9.291,1630.99
1777701960000,9.292,9.299,9.29,9.291,787.22
1777702020000,9.292,9.299,9.292,9.294,1036.66
1777702080000,9.294,9.298,9.288,9.298,1182.4
1777702140000,9.296,9.297,9.291,9.295,373.96
1777702200000,9.293,9.294,9.286,9.291,933.24
1777702260000,9.292,9.3,9.287,9.29,2190.09
1777702320000,9.289,9.299,9.288,9.291,750.57
1777702380000,9.291,9.304,9.291,9.296,1246.01
1777702440000,9.296,9.296,9.278,9.281,883.54
1777702500000,9.281,9.286,9.272,9.272,617.35
1777702560000,9.273,9.276,9.256,9.256,815.76
1777702620000,9.255,9.255,9.234,9.243,1910.04
1777702680000,9.244,9.261,9.23,9.251,5207.32
1777702740000,9.251,9.26,9.248,9.255,859.5
1777702800000,9.255,9.256,9.235,9.237,1172.84
1777702860000,9.237,9.257,9.236,9.25,1793.68
1777702920000,9.25,9.254,9.243,9.246,980.62
1777702980000,9.247,9.252,9.246,9.247,239.89
1777703040000,9.249,9.254,9.246,9.254,587.09
1777703100000,9.254,9.259,9.25,9.256,675.63
1777703160000,9.255,9.26,9.238,9.24,901.43
1777703220000,9.24,9.24,9.226,9.234,1220.56
1777703280000,9.233,9.237,9.223,9.229,1248.15
1777703340000,9.232,9.237,9.231,9.233,271.19
1777703400000,9.233,9.249,9.233,9.248,328.7
1777703460000,9.249,9.268,9.248,9.267,434.87
1777703520000,9.268,9.274,9.264,9.264,275.29
1777703580000,9.264,9.266,9.259,9.261,238.23
1777703640000,9.262,9.268,9.262,9.266,145.8
1777703700000,9.266,9.269,9.263,9.267,220.88
1777703760000,9.268,9.274,9.265,9.265,410.94
1777703820000,9.264,9.272,9.264,9.268,491.61
1777703880000,9.267,9.268,9.257,9.264,684.72
1777703940000,9.264,9.271,9.263,9.271,635.86
1777704000000,9.272,9.275,9.265,9.27,2363.01
1777704060000,9.27,9.279,9.269,9.279,458.33
1777704120000,9.279,9.289,9.279,9.287,575.72
1777704180000,9.288,9.289,9.278,9.283,999.83
1777704240000,9.283,9.287,9.282,9.287,266.35
1777704300000,9.286,9.291,9.285,9.289,695.37
1777704360000,9.291,9.294,9.278,9.28,475.76
1777704420000,9.282,9.293,9.282,9.293,371.69
1777704480000,9.293,9.303,9.291,9.296,1188.93
1777704540000,9.297,9.304,9.297,9.299,223.1
1777704600000,9.3,9.313,9.295,9.312,3106.14
1777704660000,9.311,9.336,9.304,9.329,3863.24
1777704720000,9.328,9.329,9.313,9.318,1392.89
1777704780000,9.318,9.327,9.271,9.273,7987.62
1777704840000,9.273,9.274,9.245,9.273,5307.84
1777704900000,9.274,9.275,9.245,9.245,1463.41
1777704960000,9.246,9.257,9.235,9.254,4339.81
1777705020000,9.255,9.271,9.254,9.259,1751.59
1777705080000,9.259,9.266,9.249,9.264,2166.02
1777705140000,9.265,9.277,9.265,9.275,736.84
1777705200000,9.275,9.289,9.266,9.267,2112.67
1777705260000,9.268,9.282,9.263,9.271,3364.15
1777705320000,9.27,9.271,9.253,9.268,1177.61
1777705380000,9.267,9.28,9.267,9.275,1058.04
1777705440000,9.275,9.276,9.264,9.264,664.0
1777705500000,9.264,9.267,9.261,9.261,382.5
1777705560000,9.261,9.269,9.26,9.269,844.24
1777705620000,9.269,9.275,9.26,9.26,1233.93
1777705680000,9.259,9.262,9.258,9.26,248.91
1777705740000,9.26,9.272,9.26,9.268,629.63
1777705800000,9.269,9.272,9.257,9.257,1012.71
1777705860000,9.258,9.272,9.258,9.263,495.45
1777705920000,9.263,9.273,9.263,9.268,1307.02
1777705980000,9.267,9.269,9.263,9.266,313.81
1777706040000,9.265,9.27,9.261,9.268,596.19
1777706100000,9.268,9.273,9.268,9.27,373.85
1777706160000,9.27,9.274,9.262,9.274,1104.03
1777706220000,9.274,9.288,9.272,9.279,1380.7
1777706280000,9.279,9.284,9.274,9.274,809.87
1777706340000,9.275,9.277,9.267,9.267,508.56
1777706400000,9.268,9.268,9.26,9.261,572.22
1777706460000,9.26,9.268,9.257,9.266,847.82
1777706520000,9.265,9.275,9.262,9.275,652.88
1777706580000,9.274,9.275,9.271,9.272,184.79
1777706640000,9.271,9.275,9.271,9.275,183.88
1777706700000,9.273,9.275,9.269,9.274,157.98
1777706760000,9.274,9.275,9.27,9.27,264.8
1777706820000,9.27,9.274,9.269,9.274,177.51
1777706880000,9.273,9.277,9.27,9.276,359.09
1777706940000,9.276,9.29,9.258,9.266,2256.46
1777707000000,9.266,9.28,9.265,9.273,803.36
1777707060000,9.275,9.28,9.271,9.271,586.53
1777707120000,9.27,9.271,9.261,9.262,1172.57
1777707180000,9.262,9.265,9.26,9.261,321.88
1777707240000,9.261,9.261,9.247,9.249,993.19
1777707300000,9.249,9.265,9.249,9.257,2086.02
1777707360000,9.257,9.259,9.256,9.259,462.96
1777707420000,9.258,9.26,9.257,9.257,166.36
1777707480000,9.258,9.259,9.252,9.257,249.76
1777707540000,9.258,9.262,9.257,9.262,481.26
1777707600000,9.261,9.263,9.257,9.258,407.61
1777707660000,9.259,9.263,9.257,9.257,313.51
1777707720000,9.257,9.259,9.25,9.252,361.29
1777707780000,9.251,9.255,9.247,9.247,370.33
1777707840000,9.247,9.25,9.23,9.23,1159.94
1777707900000,9.229,9.24,9.225,9.228,1516.22
1777707960000,9.228,9.239,9.216,9.233,2852.74
1777708020000,9.234,9.238,9.223,9.225,757.36
1777708080000,9.223,9.226,9.219,9.223,1438.56
1777708140000,9.225,9.231,9.221,9.222,850.63
1777708200000,9.222,9.233,9.219,9.224,1995.77
1777708260000,9.222,9.226,9.211,9.226,1613.8
1777708320000,9.226,9.228,9.22,9.22,241.49
1777708380000,9.221,9.224,9.211,9.215,1343.22
1777708440000,9.217,9.22,9.215,9.219,329.44
1777708500000,9.218,9.224,9.218,9.219,250.09
1777708560000,9.22,9.224,9.219,9.224,191.51
1777708620000,9.222,9.224,9.216,9.223,748.47
1777708680000,9.222,9.226,9.218,9.226,1653.7
1777708740000,9.225,9.231,9.223,9.226,175.64
1777708800000,9.226,9.229,9.218,9.22,323.1
1777708860000,9.221,9.227,9.218,9.224,226.67
1777708920000,9.226,9.229,9.219,9.22,1366.93
1777708980000,9.219,9.226,9.212,9.224,944.77
1777709040000,9.223,9.223,9.212,9.216,915.18
1777709100000,9.217,9.223,9.216,9.216,271.01
1777709160000,9.216,9.226,9.214,9.224,771.96
1777709220000,9.223,9.223,9.213,9.222,563.11
1777709280000,9.222,9.224,9.221,9.222,87.07
1777709340000,9.223,9.234,9.223,9.233,366.59
1777709400000,9.232,9.24,9.232,9.237,1398.37
1777709460000,9.236,9.251,9.236,9.25,591.63
1777709520000,9.249,9.251,9.244,9.244,325.53
1777709580000,9.244,9.247,9.239,9.241,311.3
1777709640000,9.242,9.243,9.235,9.235,91.01
1777709700000,9.236,9.243,9.235,9.241,256.14
1777709760000,9.24,9.249,9.239,9.244,493.76
1777709820000,9.244,9.266,9.243,9.264,4039.82
1777709880000,9.264,9.275,9.261,9.264,1592.61
1777709940000,9.264,9.266,9.25,9.255,831.21
1777710000000,9.255,9.266,9.248,9.266,700.45
1777710060000,9.265,9.268,9.261,9.264,303.35
1777710120000,9.264,9.266,9.258,9.258,260.12
1777710180000,9.259,9.266,9.257,9.262,326.25
1777710240000,9.263,9.27,9.262,9.269,370.32
1777710300000,9.269,9.27,9.263,9.263,642.58
1777710360000,9.262,9.265,9.26,9.261,209.95
1777710420000,9.261,9.269,9.26,9.267,1241.42
1777710480000,9.266,9.267,9.261,9.267,399.52
1777710540000,9.267,9.267,9.264,9.266,146.86
1777710600000,9.264,9.266,9.253,9.266,474.98
1777710660000,9.265,9.286,9.264,9.271,1096.22
1777710720000,9.272,9.279,9.27,9.274,338.29
1777710780000,9.274,9.276,9.268,9.271,522.39
1777710840000,9.268,9.274,9.267,9.274,145.23
1777710900000,9.275,9.276,9.27,9.271,173.12
1777710960000,9.271,9.276,9.258,9.263,556.34
1777711020000,9.263,9.267,9.263,9.263,145.12
1777711080000,9.264,9.266,9.261,9.265,256.05
1777711140000,9.265,9.272,9.265,9.27,108.05
1777711200000,9.269,9.272,9.268,9.27,366.38
1777711260000,9.27,9.27,9.258,9.265,522.98
1777711320000,9.264,9.27,9.264,9.264,309.06
1777711380000,9.266,9.269,9.264,9.266,98.09
1777711440000,9.268,9.27,9.265,9.267,192.31
1777711500000,9.267,9.267,9.265,9.267,51.15
1777711560000,9.268,9.278,9.268,9.275,352.01
1777711620000,9.274,9.278,9.272,9.275,174.78
1777711680000,9.274,9.283,9.274,9.28,491.19
1777711740000,9.281,9.283,9.28,9.28,118.34
1777711800000,9.28,9.28,9.272,9.278,808.05
1777711860000,9.276,9.291,9.276,9.289,406.55
1777711920000,9.292,9.292,9.278,9.285,337.87
1777711980000,9.286,9.287,9.279,9.285,193.04
1777712040000,9.283,9.287,9.282,9.283,245.08
1777712100000,9.284,9.284,9.276,9.277,273.27
1777712160000,9.277,9.279,9.272,9.276,485.87
1777712220000,9.275,9.275,9.265,9.266,109.93
1777712280000,9.266,9.275,9.266,9.275,164.58
1777712340000,9.276,9.278,9.276,9.276,312.2
1777712400000,9.275,9.278,9.27,9.274,785.72
1777712460000,9.275,9.282,9.275,9.279,672.55
1777712520000,9.279,9.282,9.272,9.275,539.15
1777712580000,9.276,9.276,9.274,9.275,189.45
1777712640000,9.274,9.277,9.272,9.275,396.69
1777712700000,9.274,9.278,9.269,9.275,633.51
1777712760000,9.277,9.277,9.273,9.274,332.95
1777712820000,9.274,9.275,9.267,9.268,175.0
1777712880000,9.269,9.281,9.268,9.281,567.76
1777712940000,9.282,9.289,9.282,9.288,1563.76
1777713000000,9.287,9.292,9.287,9.289,282.14
1777713060000,9.288,9.29,9.278,9.279,707.2
1777713120000,9.279,9.283,9.279,9.281,140.98
1777713180000,9.28,9.285,9.276,9.28,365.36
1777713240000,9.28,9.283,9.277,9.283,114.31
1777713300000,9.284,9.291,9.284,9.291,399.69
